Date,NVDA,MSFT,GOOGL,AMZN,META,AMD,AVGO,SPY
2026-09-04,230.10252380371094,499.70001220703125,338.4599914550781,258.510009765625,616.2836303710938,477.57000732421875,357.24945068359375,768.2822265625
2026-09-08,225.47769165039062,493.95001220703125,338.3599853515625,256.9700012207031,612.9962158203125,505.739990234375,367.89007568359375,764.0626831054688
2026-09-09,223.4199981689453,491.6499938964844,330.6499938964844,252.39999389648438,653.1744995117188,521.0999755859375,363.7176818847656,760.5115356445312
2026-09-10,218.36000061035156,492.44000244140625,332.6000061035156,251.88999938964844,643.8718872070312,503.6000061035156,360.17413330078125,755.9528198242188
2026-09-11,218.2899932861328,495.6300048828125,338.5,256.7799987792969,647.51904296875,516.1300048828125,361.33203125,762.3967895507812
2026-09-14,210.9600067138672,505.4100036621094,349.3900146484375,253.5399932861328,665.0751342773438,493.4100036621094,344.0934143066406,758.9952392578125
2026-09-15,212.1699981689453,497.1199951171875,344.9800109863281,248.4199981689453,669.7114868164062,504.20001220703125,338.6533203125,755.513916015625
2026-09-16,213.89999389648438,490.29998779296875,342.8699951171875,245.9600067138672,672.779052734375,512.5,338.8929138183594,752.1821899414062
2026-09-17,219.33999633789062,497.75,347.3299865722656,251.19000244140625,681.77197265625,545.0900268554688,346.6687316894531,760.7109985351562
2026-09-18,222.27000427246094,493.7799987792969,349.5400085449219,253.7100067138672,665.2250366210938,559.8200073242188,356.9599914550781,761.6900024414062
2026-09-21,227.3800048828125,501.6099853515625,354.9700012207031,258.45001220703125,741.25,615.52001953125,362.6600036621094,773.5
2026-09-22,228.8699951171875,498.0,351.1600036621094,254.97999572753906,736.5999755859375,623.77001953125,364.5400085449219,773.3800048828125
2026-09-23,225.50999450683594,500.5899963378906,337.8299865722656,249.27000427246094,744.0999755859375,614.6099853515625,354.989990234375,767.8099975585938
2026-09-24,224.5800018310547,497.92999267578125,342.3599853515625,249.3800048828125,777.5900268554688,629.260009765625,350.3599853515625,767.1799926757812
2026-09-25,225.07000732421875,516.1699829101562,343.9200134277344,249.6699981689453,751.6599731445312,630.6300048828125,352.80999755859375,771.3499755859375
2026-09-28,228.86000061035156,509.2200012207031,342.75,246.14999389648438,715.6199951171875,607.8699951171875,349.57000732421875,765.6099853515625
2026-09-29,227.2100067138672,508.9599914550781,340.9200134277344,246.6699981689453,738.7899780273438,607.5700073242188,355.1000061035156,764.2000122070312
2026-09-30,228.3800048828125,512.9000244140625,344.0799865722656,249.14999389648438,725.1799926757812,611.760009765625,351.19000244140625,762.6300048828125
2026-10-01,230.86000061035156,512.7999877929688,338.239990234375,248.22999572753906,725.9299926757812,615.72998046875,343.6400146484375,763.989990234375
