date_ny,n_posts,mean_sentiment,median_sentiment,positive_share,negative_share,neutral_share,risk_share,total_likes,total_engagement,engagement_weighted_sentiment,date,trade_date,NVDA_return,MSFT_return,GOOGL_return,AMZN_return,META_return,AMD_return,AVGO_return,ai_basket_return,spy_return,ai_excess_return
2026-09-08,40,0.056023717,0.07433574,0.275,0.275,0.45,0.15,2078,2610,0.0763970749291506,2026-09-08,2026-09-08,-0.0200990066378651,-0.0115069038613865,-0.0002954739290917,-0.005957249184734,-0.0053342558341226,0.0589860805287796,0.0297848603535688,0.0065111502050211,-0.0054921789300145,0.0120033291350357
2026-09-09,40,-0.16678987,-0.25059283,0.125,0.325,0.55,0.25,19224,23474,-0.2184200002199751,2026-09-09,2026-09-09,-0.0091259293386586,-0.0046563786895562,-0.0227863571014973,-0.0177842055590516,0.0655440974258538,0.0303713086727515,-0.0113414143914462,0.0043173030026278,-0.0046477174444695,0.0089650204470974
2026-09-10,40,-0.018918244,0.03562514,0.225,0.275,0.5,0.25,2504,3434,-0.050585832047509,2026-09-10,2026-09-10,-0.0226479169280428,0.0016068515300098,0.0058975116982513,-0.0020205805038374,-0.0142421547559521,-0.0335827486131513,-0.0097425799197385,-0.0106759453560658,-0.0059942757034566,-0.0046816696526092
2026-09-11,40,-0.09281361,-0.044244245,0.2,0.325,0.475,0.325,442,598,-0.1185330791006853,2026-09-11,2026-09-11,-0.000320605074295,0.0064779514775219,0.017739007180439,0.0194132335602736,0.0056644121822733,0.0248808550981656,0.0032148281682733,0.0110099546560931,0.0085243014611162,0.0024856531949768
2026-09-14,40,-0.02726224,0.066215545,0.225,0.3,0.475,0.3,973,1603,-0.0654003633241493,2026-09-14,2026-09-14,-0.03357912317427,0.0197324590580614,0.0321713874399927,-0.0126178265774853,0.0271128571417798,-0.0440199194113152,-0.0477085213943633,-0.0084155267025142,-0.0044616534848906,-0.0039538732176235
2026-09-15,40,0.052380405,0.050289955,0.25,0.25,0.5,0.375,4506,5287,0.024656503774355,2026-09-15,2026-09-15,0.0057356438024733,-0.0164025414709918,-0.012622008292214,-0.0201940334967561,0.0069711710754307,0.0218682403373218,-0.0158099334888538,-0.0043504945047985,-0.0045867524091346,0.000236257904336
2026-09-16,40,-0.14418174,-0.1457589,0.125,0.3,0.575,0.35,570,779,-0.1337743474055404,2026-09-16,2026-09-16,0.0081538188361651,-0.0137190364322622,-0.0061163424022971,-0.0099025500088971,0.0045804290031681,0.0164616969298301,0.0007074890204481,2.3643563736424384e-05,-0.0044098804847823,0.0044335240485187
2026-09-17,40,-0.018373486,0.05496047,0.125,0.225,0.65,0.275,7404,8406,-0.0713404906327401,2026-09-17,2026-09-17,0.0254324572072635,0.0151948039822857,0.0130078208026158,0.0212636021498537,0.0133668250896412,0.0635902963033536,0.0229447638296191,0.0249715099092332,0.011338753705953,0.0136327562032802
2026-09-18,40,-0.06292741,-0.061427142,0.175,0.325,0.5,0.325,3595,4474,-0.0079905189320311,2026-09-18,2026-09-18,0.0133582929857292,-0.0079758939642453,0.0063628884867286,0.0100322634180027,-0.0242704844123875,0.0270230232494341,0.0296861494126443,0.0077451770251294,0.0012869590529585,0.0064582179721709
2026-09-21,40,0.067883864,0.10133972,0.3,0.225,0.475,0.125,6187,7257,0.0314331865557262,2026-09-21,2026-09-21,0.0229900594417935,0.0158572372141896,0.0155346814185461,0.0186827691763447,0.1142845791930249,0.0994962871606921,0.0159682102854055,0.0432591176985709,0.0155049922156518,0.0277541254829191
2026-09-22,40,-0.08747785,-0.082541995,0.15,0.3,0.55,0.35,2664,3463,-0.1395367235441237,2026-09-22,2026-09-22,0.0065528639386867,-0.007196797226898,-0.01073329449106,-0.0134262577504253,-0.0062732201201517,0.0134033008484155,0.0051839322335751,-0.0017842103668368,-0.0001551326660471,-0.0016290777007896
2026-09-23,40,-0.08969347,-0.01794353,0.175,0.3,0.525,0.2,5286,6374,-0.152445496789997,2026-09-23,2026-09-23,-0.0146808261547397,0.0052007958592181,-0.0379599525880802,-0.0223938801112052,0.0101819172530301,-0.0146849542184971,-0.0261974490774448,-0.0143620498625312,-0.0072021610192297,-0.0071598888433014
2026-09-24,40,-0.0027218715,0.10468802,0.225,0.325,0.45,0.325,860,1274,0.012474789362989,2026-09-24,2026-09-24,-0.0041239532545555,-0.0053137371532968,0.0134091080109841,0.0004412910035951,0.0450074618577425,0.0238362941755372,-0.0130426350324853,0.0086019756582173,-0.000820521854125,0.0094224975123423
2026-09-25,40,0.19688275,0.22863245,0.325,0.15,0.525,0.2,383,477,0.1742767132662697,2026-09-25,2026-09-25,0.0021818750074313,0.0366316359782963,0.0045566892829778,0.001162857007197,-0.0333466901778527,0.0021771526808096,0.0069928425318686,0.0029080517586754,0.0054354687947637,-0.0025274170360883
2026-09-28,40,-0.048947033,-0.039573766,0.175,0.3,0.525,0.225,162,212,-0.1395224299707199,2026-09-28,2026-09-28,0.0168391752023771,-0.0134645212227748,-0.0034019928531441,-0.0140986273812484,-0.0479471826557057,-0.0360909084398138,-0.0091833855525506,-0.0153353489861229,-0.007441486246259,-0.0078938627398638
2026-09-29,40,-0.040243864,-0.033817362,0.25,0.3,0.45,0.3,775,950,-0.0814494110329365,2026-09-29,2026-09-29,-0.0072096211311892,-0.0005106039923838,-0.0053391293136852,0.0021125504178547,0.0323774951346378,-0.0004935064987224,0.0158194314827699,0.0052509451570402,-0.0018416336927525,0.0070925788497928
2026-09-30,40,0.03294108,0.07481201,0.2,0.2,0.6,0.1,224,312,0.0631379069222744,2026-09-30,2026-09-30,0.0051494130292366,0.0077413412156819,0.0092689575855631,0.0100539009443723,-0.0184219950951456,0.0068963286385042,-0.0110109929453776,0.0013824219104049,-0.0020544455628631,0.0034368674732681
