trade_date,NVDA_return,MSFT_return,GOOGL_return,AMZN_return,META_return,AMD_return,AVGO_return,ai_basket_return,spy_return,ai_excess_return
2026-09-08,-0.020099006637865124,-0.01150690386138653,-0.00029547392909179404,-0.005957249184734059,-0.005334255834122614,0.05898608052877963,0.029784860353568865,0.006511150205021196,-0.005492178930014524,0.012003329135035719
2026-09-09,-0.009125929338658634,-0.004656378689556262,-0.022786357101497345,-0.01778420555905169,0.06554409742585388,0.030371308672751507,-0.011341414391446203,0.0043173030026278925,-0.004647717444469568,0.00896502044709746
2026-09-10,-0.0226479169280428,0.001606851530009834,0.0058975116982513676,-0.002020580503837466,-0.014242154755952141,-0.03358274861315136,-0.009742579919738592,-0.010675945356065879,-0.005994275703456675,-0.004681669652609204
2026-09-11,-0.00032060507429509943,0.006477951477521948,0.01773900718043908,0.01941323356027369,0.005664412182273315,0.024880855098165622,0.0032148281682733426,0.011009954656093128,0.008524301461116268,0.00248565319497686
2026-09-14,-0.03357912317427003,0.019732459058061425,0.032171387439992705,-0.012617826577485336,0.0271128571417798,-0.04401991941131522,-0.047708521394363324,-0.008415526702514284,-0.004461653484890693,-0.003953873217623591
2026-09-15,0.005735643802473378,-0.01640254147099185,-0.012622008292214049,-0.020194033496756192,0.006971171075430771,0.02186824033732182,-0.015809933488853845,-0.0043504945047985666,-0.004586752409134642,0.00023625790433607578
2026-09-16,0.008153818836165172,-0.013719036432262244,-0.006116342402297192,-0.00990255000889717,0.004580429003168129,0.016461696929830127,0.0007074890204481488,2.3643563736424384e-05,-0.0044098804847823025,0.004433524048518727
2026-09-17,0.025432457207263504,0.015194803982285787,0.013007820802615866,0.02126360214985379,0.013366825089641265,0.06359029630335367,0.022944763829619186,0.024971509909233296,0.011338753705953053,0.013632756203280243
2026-09-18,0.013358292985729214,-0.007975893964245362,0.006362888486728613,0.010032263418002785,-0.02427048441238755,0.027023023249434175,0.029686149412644358,0.007745177025129462,0.0012869590529585029,0.006458217972170959
2026-09-21,0.022990059441793553,0.015857237214189634,0.015534681418546192,0.018682769176344705,0.11428457919302493,0.09949628716069214,0.015968210285405515,0.04325911769857095,0.015504992215651825,0.027754125482919126
2026-09-22,0.006552863938686704,-0.007196797226898033,-0.010733294491060086,-0.013426257750425385,-0.006273220120151746,0.013403300848415567,0.005183932233575161,-0.0017842103668368311,-0.00015513266604716414,-0.001629077700789667
2026-09-23,-0.014680826154739757,0.005200795859218177,-0.03795995258808027,-0.022393880111205244,0.010181917253030193,-0.014684954218497137,-0.026197449077444812,-0.014362049862531265,-0.007202161019229769,-0.007159888843301496
2026-09-24,-0.004123953254555501,-0.00531373715329686,0.013409108010984161,0.0004412910035951345,0.045007461857742515,0.02383629417553723,-0.013042635032485372,0.00860197565821733,-0.000820521854125067,0.009422497512342396
2026-09-25,0.0021818750074313886,0.03663163597829633,0.0045566892829778105,0.0011628570071970934,-0.033346690177852745,0.0021771526808096464,0.006992842531868604,0.0029080517586754467,0.005435468794763754,-0.002527417036088307
2026-09-28,0.0168391752023771,-0.013464521222774861,-0.0034019928531441312,-0.014098627381248452,-0.047947182655705745,-0.036090908439813885,-0.009183385552550605,-0.01533534898612294,-0.007441486246259066,-0.007893862739863875
2026-09-29,-0.007209621131189281,-0.0005106039923838956,-0.005339129313685298,0.0021125504178547416,0.032377495134637835,-0.0004935064987224846,0.015819431482769986,0.005250945157040229,-0.0018416336927525867,0.0070925788497928155
2026-09-30,0.00514941302923666,0.0077413412156819295,0.00926895758556312,0.010053900944372307,-0.018421995095145638,0.006896328638504201,-0.011010992945377662,0.0013824219104049882,-0.002054445562863161,0.003436867473268149
2026-10-01,0.010859075551783226,-0.00019504117046598157,-0.016972787043119886,-0.0036925474271837233,0.0010342259957181188,0.006489425002863314,-0.021498299326526027,-0.0034251354881329943,0.0017832832997064507,-0.005208418787839445
