requested_date,window_number,window_start_ny,window_end_ny,credential,n_tweets,has_next_page,has_cursor
2026-09-08,1,2026-09-08T04:09:00-04:00,2026-09-08T05:09:00-04:00,key_1,20,True,True
2026-09-08,2,2026-09-08T15:15:00-04:00,2026-09-08T16:15:00-04:00,key_1,20,True,True
2026-09-09,1,2026-09-09T06:00:00-04:00,2026-09-09T07:00:00-04:00,key_1,20,True,True
2026-09-09,2,2026-09-09T14:08:00-04:00,2026-09-09T15:08:00-04:00,key_1,20,True,True
2026-09-10,1,2026-09-10T03:14:00-04:00,2026-09-10T04:14:00-04:00,key_1,20,True,True
2026-09-10,2,2026-09-10T22:40:00-04:00,2026-09-10T23:40:00-04:00,key_1,20,True,True
2026-09-11,1,2026-09-11T07:58:00-04:00,2026-09-11T08:58:00-04:00,key_1,20,True,True
2026-09-11,2,2026-09-11T17:59:00-04:00,2026-09-11T18:59:00-04:00,key_1,20,True,True
2026-09-12,1,2026-09-12T04:16:00-04:00,2026-09-12T05:16:00-04:00,key_1,20,True,True
2026-09-12,2,2026-09-12T12:12:00-04:00,2026-09-12T13:12:00-04:00,key_1,20,True,True
2026-09-13,1,2026-09-13T03:09:00-04:00,2026-09-13T04:09:00-04:00,key_1,20,True,True
2026-09-13,2,2026-09-13T20:15:00-04:00,2026-09-13T21:15:00-04:00,key_1,20,True,True
2026-09-14,1,2026-09-14T01:54:00-04:00,2026-09-14T02:54:00-04:00,key_1,20,True,True
2026-09-14,2,2026-09-14T20:36:00-04:00,2026-09-14T21:36:00-04:00,key_1,20,True,True
2026-09-15,1,2026-09-15T03:36:00-04:00,2026-09-15T04:36:00-04:00,key_1,20,True,True
2026-09-15,2,2026-09-15T19:01:00-04:00,2026-09-15T20:01:00-04:00,key_1,20,True,True
2026-09-16,1,2026-09-16T07:24:00-04:00,2026-09-16T08:24:00-04:00,key_1,20,True,True
2026-09-16,2,2026-09-16T22:17:00-04:00,2026-09-16T23:17:00-04:00,key_1,20,True,True
2026-09-17,1,2026-09-17T03:20:00-04:00,2026-09-17T04:20:00-04:00,key_1,20,True,True
2026-09-17,2,2026-09-17T15:48:00-04:00,2026-09-17T16:48:00-04:00,key_1,20,True,True
2026-09-18,1,2026-09-18T06:57:00-04:00,2026-09-18T07:57:00-04:00,key_1,20,True,True
2026-09-18,2,2026-09-18T19:07:00-04:00,2026-09-18T20:07:00-04:00,key_1,20,True,True
2026-09-19,1,2026-09-19T04:33:00-04:00,2026-09-19T05:33:00-04:00,key_2,20,True,True
2026-09-19,2,2026-09-19T18:44:00-04:00,2026-09-19T19:44:00-04:00,key_2,20,True,True
2026-09-20,1,2026-09-20T01:23:00-04:00,2026-09-20T02:23:00-04:00,key_2,20,True,True
2026-09-20,2,2026-09-20T12:43:00-04:00,2026-09-20T13:43:00-04:00,key_2,20,True,True
2026-09-21,1,2026-09-21T07:08:00-04:00,2026-09-21T08:08:00-04:00,key_2,20,True,True
2026-09-21,2,2026-09-21T13:17:00-04:00,2026-09-21T14:17:00-04:00,key_2,20,True,True
2026-09-22,1,2026-09-22T04:42:00-04:00,2026-09-22T05:42:00-04:00,key_2,20,True,True
2026-09-22,2,2026-09-22T20:27:00-04:00,2026-09-22T21:27:00-04:00,key_2,20,True,True
2026-09-23,1,2026-09-23T02:57:00-04:00,2026-09-23T03:57:00-04:00,key_2,20,True,True
2026-09-23,2,2026-09-23T20:34:00-04:00,2026-09-23T21:34:00-04:00,key_2,20,True,True
2026-09-24,1,2026-09-24T04:31:00-04:00,2026-09-24T05:31:00-04:00,key_2,20,True,True
2026-09-24,2,2026-09-24T12:53:00-04:00,2026-09-24T13:53:00-04:00,key_2,20,True,True
2026-09-25,1,2026-09-25T01:22:00-04:00,2026-09-25T02:22:00-04:00,key_2,20,True,True
2026-09-25,2,2026-09-25T14:01:00-04:00,2026-09-25T15:01:00-04:00,key_2,20,True,True
2026-09-26,1,2026-09-26T03:15:00-04:00,2026-09-26T04:15:00-04:00,key_2,20,True,True
2026-09-26,2,2026-09-26T18:13:00-04:00,2026-09-26T19:13:00-04:00,key_2,20,True,True
2026-09-27,1,2026-09-27T04:51:00-04:00,2026-09-27T05:51:00-04:00,key_2,20,True,True
2026-09-27,2,2026-09-27T18:13:00-04:00,2026-09-27T19:13:00-04:00,key_2,20,True,True
2026-09-28,1,2026-09-28T04:05:00-04:00,2026-09-28T05:05:00-04:00,key_2,20,True,True
2026-09-28,2,2026-09-28T13:30:00-04:00,2026-09-28T14:30:00-04:00,key_2,20,True,True
2026-09-29,1,2026-09-29T06:01:00-04:00,2026-09-29T07:01:00-04:00,key_2,20,True,True
2026-09-29,2,2026-09-29T21:03:00-04:00,2026-09-29T22:03:00-04:00,key_2,20,True,True
2026-09-30,1,2026-09-30T05:50:00-04:00,2026-09-30T06:50:00-04:00,key_2,20,True,True
2026-09-30,2,2026-09-30T17:48:00-04:00,2026-09-30T18:48:00-04:00,key_2,20,True,True
