date_ny,n_posts,mean_sentiment,median_sentiment,positive_share,negative_share,neutral_share,risk_share,total_likes,total_engagement,engagement_weighted_sentiment
2026-09-08,40,0.056023717,0.07433574,0.275,0.275,0.45,0.15,2078,2610,0.07639707492915065
2026-09-09,40,-0.16678987,-0.25059283,0.125,0.325,0.55,0.25,19224,23474,-0.2184200002199751
2026-09-10,40,-0.018918244,0.03562514,0.225,0.275,0.5,0.25,2504,3434,-0.050585832047509
2026-09-11,40,-0.09281361,-0.044244245,0.2,0.325,0.475,0.325,442,598,-0.11853307910068535
2026-09-12,40,-0.13536806,-0.0964323,0.15,0.425,0.425,0.275,3142,4166,-0.10709778771876416
2026-09-13,40,-0.0011787288,0.047725968,0.175,0.225,0.6,0.25,3583,4529,0.06664561221755973
2026-09-14,40,-0.02726224,0.066215545,0.225,0.3,0.475,0.3,973,1603,-0.06540036332414936
2026-09-15,40,0.052380405,0.050289955,0.25,0.25,0.5,0.375,4506,5287,0.024656503774355038
2026-09-16,40,-0.14418174,-0.1457589,0.125,0.3,0.575,0.35,570,779,-0.1337743474055404
2026-09-17,40,-0.018373486,0.05496047,0.125,0.225,0.65,0.275,7404,8406,-0.07134049063274019
2026-09-18,40,-0.06292741,-0.061427142,0.175,0.325,0.5,0.325,3595,4474,-0.007990518932031183
2026-09-19,40,-0.13967113,-0.28379843,0.175,0.425,0.4,0.15,1337,1866,-0.17665065490189402
2026-09-20,40,-0.12269916,-0.10589787,0.125,0.3,0.575,0.2,1250,1512,-0.08415427263740287
2026-09-21,40,0.067883864,0.10133972,0.3,0.225,0.475,0.125,6187,7257,0.031433186555726286
2026-09-22,40,-0.08747785,-0.082541995,0.15,0.3,0.55,0.35,2664,3463,-0.13953672354412375
2026-09-23,40,-0.08969347,-0.01794353,0.175,0.3,0.525,0.2,5286,6374,-0.15244549678999703
2026-09-24,40,-0.0027218715,0.10468802,0.225,0.325,0.45,0.325,860,1274,0.01247478936298905
2026-09-25,40,0.19688275,0.22863245,0.325,0.15,0.525,0.2,383,477,0.1742767132662697
2026-09-26,40,0.06889956,0.11426416,0.325,0.275,0.4,0.15,108,194,0.12459330720110935
2026-09-27,40,-0.06416509,0.037467815,0.2,0.35,0.45,0.3,275,408,-0.11258226556779005
2026-09-28,40,-0.048947033,-0.039573766,0.175,0.3,0.525,0.225,162,212,-0.13952242997071995
2026-09-29,40,-0.040243864,-0.033817362,0.25,0.3,0.45,0.3,775,950,-0.08144941103293656
2026-09-30,40,0.03294108,0.07481201,0.2,0.2,0.6,0.1,224,312,0.0631379069222744
