date_ny,n_twitter,twitter_mean_sentiment,median_sentiment,twitter_positive_share,twitter_negative_share,twitter_neutral_share,twitter_risk_share,total_likes,total_engagement,engagement_weighted_sentiment,n_news,news_mean_sentiment,news_median_sentiment,news_positive_share,news_negative_share,news_neutral_share,news_risk_share,n_sources,sentiment_difference,negative_share_difference,risk_share_difference
2026-09-08,40,0.056023717,0.07433574,0.275,0.275,0.45,0.15,2078,2610,0.0763970749291506,73,0.02563556,0.066914216,0.0821917808219178,0.1643835616438356,0.7534246575342466,0.0821917808219178,66,-0.03038815788816643,-0.11061643835616441,-0.06780821917808219
2026-09-09,40,-0.16678987,-0.25059283,0.125,0.325,0.55,0.25,19224,23474,-0.2184200002199751,111,-0.051307883,0.025263855,0.10810810810810811,0.24324324324324326,0.6486486486486487,0.15315315315315314,89,0.11548198688637734,-0.08175675675675675,-0.09684684684684686
2026-09-10,40,-0.018918244,0.03562514,0.225,0.275,0.5,0.25,2504,3434,-0.050585832047509,93,-0.026215201,0.045333777,0.06451612903225806,0.1827956989247312,0.7526881720430108,0.20430107526881722,85,-0.007296957243758201,-0.09220430107526884,-0.04569892473118278
2026-09-11,40,-0.09281361,-0.044244245,0.2,0.325,0.475,0.325,442,598,-0.1185330791006853,108,-0.11677228,-0.072907165,0.05555555555555555,0.2037037037037037,0.7407407407407407,0.26851851851851855,91,-0.02395866914333343,-0.12129629629629632,-0.056481481481481466
2026-09-12,40,-0.13536806,-0.0964323,0.15,0.425,0.425,0.275,3142,4166,-0.1070977877187641,61,-0.14021023,-0.116380334,0.04918032786885246,0.19672131147540983,0.7540983606557377,0.22950819672131148,52,-0.004842166178169238,-0.22827868852459016,-0.04549180327868854
2026-09-13,40,-0.0011787288,0.047725968,0.175,0.225,0.6,0.25,3583,4529,0.0666456122175597,89,-0.09172292,-0.078325614,0.0898876404494382,0.19101123595505617,0.7191011235955056,0.14606741573033707,68,-0.09054419173699493,-0.03398876404494383,-0.10393258426966293
2026-09-14,40,-0.02726224,0.066215545,0.225,0.3,0.475,0.3,973,1603,-0.0654003633241493,144,-0.070276916,0.0030151084,0.09027777777777778,0.2013888888888889,0.7083333333333334,0.22916666666666666,114,-0.04301467602706909,-0.0986111111111111,-0.07083333333333333
2026-09-15,40,0.052380405,0.050289955,0.25,0.25,0.5,0.375,4506,5287,0.024656503774355,122,-0.041430566,0.020832015,0.07377049180327869,0.14754098360655737,0.7786885245901639,0.1557377049180328,99,-0.09381097145989417,-0.10245901639344263,-0.2192622950819672
2026-09-16,40,-0.14418174,-0.1457589,0.125,0.3,0.575,0.35,570,779,-0.1337743474055404,120,0.016216125,0.041726004,0.125,0.10833333333333334,0.7666666666666667,0.15833333333333333,98,0.16039786533926964,-0.19166666666666665,-0.19166666666666665
2026-09-17,40,-0.018373486,0.05496047,0.125,0.225,0.65,0.275,7404,8406,-0.0713404906327401,123,-0.014149796,0.03668228,0.06504065040650407,0.11382113821138211,0.8211382113821138,0.17886178861788618,109,0.004223689782320024,-0.1111788617886179,-0.09613821138211384
2026-09-18,40,-0.06292741,-0.061427142,0.175,0.325,0.5,0.325,3595,4474,-0.0079905189320311,118,-0.05948207,-0.0048799887,0.1271186440677966,0.2288135593220339,0.6440677966101694,0.17796610169491525,102,0.0034453384512996704,-0.09618644067796611,-0.14703389830508476
2026-09-19,40,-0.13967113,-0.28379843,0.175,0.425,0.4,0.15,1337,1866,-0.176650654901894,78,-0.061069917,-0.03273757,0.0641025641025641,0.1794871794871795,0.7564102564102564,0.14102564102564102,60,0.07860121306622506,-0.2455128205128205,-0.00897435897435897
2026-09-20,40,-0.12269916,-0.10589787,0.125,0.3,0.575,0.2,1250,1512,-0.0841542726374028,85,-0.03391514,0.0115005225,0.09411764705882353,0.12941176470588237,0.7764705882352941,0.15294117647058825,71,0.08878402026525498,-0.17058823529411762,-0.047058823529411764
2026-09-21,40,0.067883864,0.10133972,0.3,0.225,0.475,0.125,6187,7257,0.0314331865557262,148,-0.02118787,0.025754578,0.060810810810810814,0.13513513513513514,0.8040540540540541,0.19594594594594594,129,-0.08907173383191967,-0.08986486486486486,0.07094594594594594
2026-09-22,40,-0.08747785,-0.082541995,0.15,0.3,0.55,0.35,2664,3463,-0.1395367235441237,135,-0.019414522,0.02691069,0.05925925925925926,0.17777777777777778,0.762962962962963,0.14814814814814814,125,0.068063328246212,-0.1222222222222222,-0.20185185185185184
2026-09-23,40,-0.08969347,-0.01794353,0.175,0.3,0.525,0.2,5286,6374,-0.152445496789997,148,-0.033507876,0.029641008,0.07432432432432433,0.14864864864864866,0.777027027027027,0.19594594594594594,127,0.05618559390184402,-0.15135135135135133,-0.004054054054054068
2026-09-24,40,-0.0027218715,0.10468802,0.225,0.325,0.45,0.325,860,1274,0.012474789362989,143,0.025068417,0.059809122,0.06993006993006994,0.1258741258741259,0.8041958041958042,0.15384615384615385,127,0.027790288691505433,-0.19912587412587412,-0.17115384615384616
2026-09-25,40,0.19688275,0.22863245,0.325,0.15,0.525,0.2,383,477,0.1742767132662697,136,-0.00423325,0.038337506,0.10294117647058823,0.1323529411764706,0.7647058823529411,0.19117647058823528,117,-0.20111599992880225,-0.017647058823529405,-0.00882352941176473
2026-09-26,40,0.06889956,0.11426416,0.325,0.275,0.4,0.15,108,194,0.1245933072011093,115,-0.029342363,0.04923653,0.06086956521739131,0.17391304347826086,0.7652173913043478,0.1391304347826087,104,-0.09824192265718937,-0.10108695652173916,-0.010869565217391297
2026-09-27,40,-0.06416509,0.037467815,0.2,0.35,0.45,0.3,275,408,-0.11258226556779,108,0.015946744,0.06099032,0.1574074074074074,0.17592592592592593,0.6666666666666666,0.23148148148148148,85,0.0801118340098524,-0.17407407407407405,-0.0685185185185185
2026-09-28,40,-0.048947033,-0.039573766,0.175,0.3,0.525,0.225,162,212,-0.1395224299707199,172,0.02170117,0.06232728,0.08139534883720931,0.12209302325581395,0.7965116279069767,0.19767441860465115,145,0.07064820313156414,-0.17790697674418604,-0.027325581395348852
2026-09-29,40,-0.040243864,-0.033817362,0.25,0.3,0.45,0.3,775,950,-0.0814494110329365,173,0.020932842,0.061998192,0.10982658959537572,0.12716763005780346,0.7630057803468208,0.15606936416184972,145,0.06117670604602241,-0.17283236994219653,-0.14393063583815027
2026-09-30,40,0.03294108,0.07481201,0.2,0.2,0.6,0.1,224,312,0.0631379069222744,161,0.07169205,0.088650234,0.062111801242236024,0.07453416149068323,0.8633540372670807,0.12422360248447205,140,0.03875096950332642,-0.12546583850931678,0.024223602484472043
