date_ny,n_news,news_mean_sentiment,news_median_sentiment,news_positive_share,news_negative_share,news_neutral_share,news_risk_share,n_sources
2026-09-08,73,0.02563556,0.066914216,0.0821917808219178,0.1643835616438356,0.7534246575342466,0.0821917808219178,66
2026-09-09,111,-0.051307883,0.025263855,0.10810810810810811,0.24324324324324326,0.6486486486486487,0.15315315315315314,89
2026-09-10,93,-0.026215201,0.045333777,0.06451612903225806,0.1827956989247312,0.7526881720430108,0.20430107526881722,85
2026-09-11,108,-0.11677228,-0.072907165,0.05555555555555555,0.2037037037037037,0.7407407407407407,0.26851851851851855,91
2026-09-12,61,-0.14021023,-0.116380334,0.04918032786885246,0.19672131147540983,0.7540983606557377,0.22950819672131148,52
2026-09-13,89,-0.09172292,-0.078325614,0.0898876404494382,0.19101123595505617,0.7191011235955056,0.14606741573033707,68
2026-09-14,144,-0.070276916,0.0030151084,0.09027777777777778,0.2013888888888889,0.7083333333333334,0.22916666666666666,114
2026-09-15,122,-0.041430566,0.020832015,0.07377049180327869,0.14754098360655737,0.7786885245901639,0.1557377049180328,99
2026-09-16,120,0.016216125,0.041726004,0.125,0.10833333333333334,0.7666666666666667,0.15833333333333333,98
2026-09-17,123,-0.014149796,0.03668228,0.06504065040650407,0.11382113821138211,0.8211382113821138,0.17886178861788618,109
2026-09-18,118,-0.05948207,-0.0048799887,0.1271186440677966,0.2288135593220339,0.6440677966101694,0.17796610169491525,102
2026-09-19,78,-0.061069917,-0.03273757,0.0641025641025641,0.1794871794871795,0.7564102564102564,0.14102564102564102,60
2026-09-20,85,-0.03391514,0.0115005225,0.09411764705882353,0.12941176470588237,0.7764705882352941,0.15294117647058825,71
2026-09-21,148,-0.02118787,0.025754578,0.060810810810810814,0.13513513513513514,0.8040540540540541,0.19594594594594594,129
2026-09-22,135,-0.019414522,0.02691069,0.05925925925925926,0.17777777777777778,0.762962962962963,0.14814814814814814,125
2026-09-23,148,-0.033507876,0.029641008,0.07432432432432433,0.14864864864864866,0.777027027027027,0.19594594594594594,127
2026-09-24,143,0.025068417,0.059809122,0.06993006993006994,0.1258741258741259,0.8041958041958042,0.15384615384615385,127
2026-09-25,136,-0.00423325,0.038337506,0.10294117647058823,0.1323529411764706,0.7647058823529411,0.19117647058823528,117
2026-09-26,115,-0.029342363,0.04923653,0.06086956521739131,0.17391304347826086,0.7652173913043478,0.1391304347826087,104
2026-09-27,108,0.015946744,0.06099032,0.1574074074074074,0.17592592592592593,0.6666666666666666,0.23148148148148148,85
2026-09-28,172,0.02170117,0.06232728,0.08139534883720931,0.12209302325581395,0.7965116279069767,0.19767441860465115,145
2026-09-29,173,0.020932842,0.061998192,0.10982658959537572,0.12716763005780346,0.7630057803468208,0.15606936416184972,145
2026-09-30,161,0.07169205,0.088650234,0.062111801242236024,0.07453416149068323,0.8633540372670807,0.12422360248447205,140
