date_ny,n_articles,n_sources,ai_title_share
2026-09-08,82,70,0.9024390243902439
2026-09-09,126,98,0.8809523809523809
2026-09-10,114,104,0.8771929824561403
2026-09-11,118,97,0.940677966101695
2026-09-12,65,53,0.9538461538461539
2026-09-13,103,77,0.8932038834951457
2026-09-14,162,127,0.9135802469135802
2026-09-15,146,113,0.8972602739726028
2026-09-16,138,111,0.8985507246376812
2026-09-17,145,126,0.9172413793103448
2026-09-18,142,120,0.8943661971830986
2026-09-19,94,75,0.8723404255319149
2026-09-20,95,77,0.9157894736842105
2026-09-21,172,148,0.9651162790697675
2026-09-22,158,140,0.8924050632911392
2026-09-23,177,146,0.8757062146892656
2026-09-24,177,151,0.8531073446327684
2026-09-25,164,136,0.8719512195121951
2026-09-26,141,122,0.8581560283687943
2026-09-27,133,102,0.8571428571428571
2026-09-28,205,165,0.8780487804878049
2026-09-29,205,168,0.9073170731707317
2026-09-30,185,156,0.8972972972972973
