date_ny,news_sentiment,x_sentiment
2026-09-08,0.02563556168219178,0.056023717075
2026-09-09,-0.05130788345045045,-0.1667898737125
2026-09-10,-0.026215203576344093,-0.018918247200000005
2026-09-11,-0.11677227985648148,-0.09281360882499999
2026-09-12,-0.14021022800000002,-0.135368056425
2026-09-13,-0.09172291581460675,-0.0011787285499999967
2026-09-14,-0.07027691539652778,-0.027262240949999995
2026-09-15,-0.04143056826983606,0.05238040482499999
2026-09-16,0.016216125598333332,-0.1441817387475
2026-09-17,-0.01414979597804878,-0.018373486
2026-09-18,-0.059482072444915254,-0.06292741285
2026-09-19,-0.06106991327346155,-0.13967114139999998
2026-09-20,-0.03391513763529412,-0.12269914736500001
2026-09-21,-0.02118786858918919,0.06788386240000001
2026-09-22,-0.01941452023777778,-0.087477843875
2026-09-23,-0.033507875915540546,-0.089693467175
2026-09-24,0.02506841605625874,-0.0027218696250000006
2026-09-25,-0.004233250843750001,0.19688275085
2026-09-26,-0.02934236442139131,0.068899558
2026-09-27,0.015946745700925927,-0.064165091975
2026-09-28,0.02170117038290698,-0.04894703112499999
2026-09-29,0.020932841625433525,-0.04024386105000001
2026-09-30,0.07169205146962733,0.03294107905000001
